{
    "model": "",
    "ngpus": [
        4
    ],
    "bs": [
        128
    ],
    "metric_keys": [
        "val.ips",
        "val.latency_avg",
        "val.latency_50",
        "val.latency_90",
        "val.latency_95",
        "val.latency_99",
        "val.latency_100"
    ],
    "metrics": {
        "4": {
            "128": {
                "val.ips": 1406.9267678637389,
                "val.latency_avg": 0.36391375279426574,
                "val.latency_50": 0.36109477281570435,
                "val.latency_90": 0.4109456300735474,
                "val.latency_95": 0.4243407189846038,
                "val.latency_99": 0.4632818579673767,
                "val.latency_100": 0.4926823377609253
            }
        }
    }
}