{
    "model": "",
    "ngpus": [
        4
    ],
    "bs": [
        128
    ],
    "metric_keys": [
        "val.ips",
        "val.latency_avg",
        "val.latency_50",
        "val.latency_90",
        "val.latency_95",
        "val.latency_99",
        "val.latency_100"
    ],
    "metrics": {
        "4": {
            "128": {
                "val.ips": 1399.2018474895642,
                "val.latency_avg": 0.3659229016304016,
                "val.latency_50": 0.3625655770301819,
                "val.latency_90": 0.41495349407196047,
                "val.latency_95": 0.43246779441833494,
                "val.latency_99": 0.47890825986862184,
                "val.latency_100": 0.5232092142105103
            }
        }
    }
}