{
    "model": "",
    "ngpus": [
        4
    ],
    "bs": [
        128
    ],
    "metric_keys": [
        "val.ips",
        "val.latency_avg",
        "val.latency_50",
        "val.latency_90",
        "val.latency_95",
        "val.latency_99",
        "val.latency_100"
    ],
    "metrics": {
        "4": {
            "128": {
                "val.ips": 1745.1326706969296,
                "val.latency_avg": 0.29338743615150453,
                "val.latency_50": 0.2888408303260803,
                "val.latency_90": 0.3314303159713745,
                "val.latency_95": 0.34458402991294856,
                "val.latency_99": 0.3793287372589111,
                "val.latency_100": 0.47367870807647705
            }
        }
    }
}